ID,title,content,label
SAMPLE_00,"현대차, 1월 美판매 15% 늘어…역대 최대","현대자동차그룹이 올 1월 미국 시장에서 전년 동기 대비 15% 증가한 총 12만 5천여 대를 판매하며, 역대 1월 기준 월간 최다 판매 기록을 경신했다. 이는 고금리와 경기 둔화 우려 속에서도 하이브리드차와 SUV 라인업의 인기가 지속된 데 따른 결과로 분석된다.

브랜드별로는 현대차가 6만 2천여 대, 기아가 6만 3천여 대를 판매하며 나란히 두 자릿수 성장률을 기록했다. 특히, 투싼, 싼타페, 스포티지 등 주력 SUV 모델들이 전체 실적을 견인했으며, 하이브리드 모델의 판매량은 전년 대비 40% 이상 급증하며 가파른 성장세를 보였다. 이는 높은 연비와 친환경성을 선호하지만 순수 전기차 구매는 망설이는 미국 소비자들의 수요를 성공적으로 공략했기 때문이다.

현대차 미국판매법인(HMA)의 한 관계자는 ""연초부터 시장의 기대를 뛰어넘는 강력한 판매 실적을 기록하게 되어 고무적""이라며 ""올해 출시될 신형 싼타페와 아이오닉 7 등 매력적인 신차들을 통해 이러한 성장세를 계속 이어갈 것""이라고 밝혔다.

연초부터 역대급 실적을 기록하며 쾌조의 스타트를 끊은 현대차그룹이 올해 미국 시장에서 GM, 포드 등 현지 업체들과의 경쟁을 뚫고 점유율을 더욱 확대해 나갈 수 있을지 귀추가 주목된다.",1
SAMPLE_01,"삼성SDI, 헝가리 46파이 라인 추진…유럽 고객 타깃","삼성SDI가 차세대 배터리로 주목받는 '46파이(지름 46mm)' 원통형 배터리의 유럽 생산 거점으로 헝가리 공장을 낙점하고, 신규 생산 라인 구축을 본격적으로 추진한다. 이는 BMW, 폭스바겐 등 유럽의 주요 완성차 업체들이 차세대 전기차 모델에 46파이 배터리 채택을 공식화함에 따라, 현지에서 안정적인 공급망을 구축하고 시장을 선점하기 위한 전략적 결정이다.

46파이 배터리는 기존 2170(지름 21mm, 높이 70mm) 원통형 배터리보다 에너지 용량은 5배, 출력은 6배 높은 반면, 생산 원가는 20% 이상 절감할 수 있어 '게임 체인저'로 불린다. 삼성SDI는 현재 천안 공장에서 46파이 배터리 샘플을 생산 중이며, 헝가리 괴드 공장에 구축될 신규 라인은 오는 2026년부터 본격적인 양산에 돌입할 예정이다.

삼성SDI 관계자는 ""헝가리 공장은 BMW, 아우디 등 우리의 핵심 고객사들과 지리적으로 인접해 있어 물류 효율성을 극대화하고 신속한 기술 지원이 가능하다""며 ""유럽 현지 생산을 통해 IRA와 유사한 유럽 핵심원자재법(CRMA) 규제에도 효과적으로 대응할 수 있다""고 밝혔다.

테슬라가 주도해 온 원통형 배터리 시장에 삼성SDI와 LG에너지솔루션 등 K-배터리 업체들이 본격적으로 뛰어들면서, '46파이' 표준을 둘러싼 기술 경쟁과 고객사 확보전은 더욱 치열해질 전망이다. 이번 삼성SDI의 투자는 유럽 전기차 배터리 시장의 판도를 바꿀 중요한 변수가 될 것으로 보인다.",1
SAMPLE_02,"美, 반도체 투자만 해도 稅혜택 韓, 설비투자만 '찔끔 감면'","미국이 자국 내 반도체 생산 시설 투자를 유치하기 위해 연구개발(R&D), 인력 양성 등 광범위한 분야에 걸쳐 파격적인 세제 혜택을 제공하는 반면, 한국은 단순 설비투자에 대해서만 제한적인 감면 혜택을 제공하고 있어 '반도체 전쟁'에서 뒤처질 수 있다는 위기감이 커지고 있다.

미국의 '반도체 과학법(CHIPS and Science Act)'은 반도체 생산 시설(팹) 건설 비용의 25%에 달하는 투자세액공제를 제공할 뿐만 아니라, R&D 비용, 인력 교육 및 훈련 비용에 대해서도 추가적인 세금 감면과 보조금을 지급한다. 이는 기업이 공장을 짓는 것에서 나아가, 지속 가능한 기술 혁신 생태계를 미국 내에 구축하도록 유도하는 종합적인 지원책이다.

반면, 국내 'K-칩스법(조세특례제한법 개정안)'은 대기업 기준 설비투자에 대한 세액공제율이 15%로 미국보다 낮고, R&D나 인력 양성에 대한 직접적인 세제 지원은 상대적으로 미미한 수준이다. 반도체 업계 관계자는 ""미국은 기업이 필요한 거의 모든 영역에서 세금 부담을 덜어주는 '당근'을 제시하고 있지만, 우리는 낡은 규제와 제한적인 지원으로 인해 기업 투자의 발목을 잡고 있는 형국""이라고 지적했다.

전문가들은 글로벌 반도체 패권 경쟁에서 승리하기 위해서는 단순 시설 투자 지원을 넘어, 설계(팹리스), 소재·부품·장비, R&D 인력 등 반도체 생태계 전반을 아우르는 과감하고 포괄적인 정책 지원이 시급하다고 입을 모은다. 미국의 공세에 맞서 국내 반도체 산업의 '초격차'를 유지하기 위한 정부의 보다 전향적인 정책 변화가 요구된다.",0
SAMPLE_03,인공지능 개발의 심장…국가 AI 컴퓨팅센터 2년 내 문 연다,"정부가 대한민국 인공지능(AI) 기술 개발의 핵심 인프라가 될 '국가 AI 컴퓨팅센터'를 향후 2년 내에 구축 완료하고 본격적인 운영에 들어간다. 이 센터는 국내 AI 스타트업과 연구기관들이 겪고 있는 고질적인 컴퓨팅 자원 부족 문제를 해결하고, 초거대 AI 모델 개발을 지원하는 'AI 심장' 역할을 수행하게 된다.

과학기술정보통신부는 최근 국가데이터정책위원회를 통해, 총 2,000 PFLOPS(페타플롭스, 1초당 1,000조 번 연산) 이상의 연산 능력을 갖춘 슈퍼컴퓨터를 도입하는 내용의 센터 구축 계획을 확정했다. 이는 국내 기업과 대학, 연구소들이 엔비디아의 최신 GPU 등을 활용하여 대규모 언어 모델(LLM)이나 생성형 AI를 개발하는 데 필요한 막대한 컴퓨팅 파워를 안정적으로 제공하기 위함이다.

과기정통부 관계자는 ""지금까지 국내 중소기업들은 막대한 비용 때문에 AI 모델 개발에 필요한 컴퓨팅 자원을 확보하는 데 큰 어려움을 겪어왔다""며, ""국가 AI 컴퓨팅센터는 이들에게 저렴하고 안정적인 서비스를 제공함으로써 국내 AI 기술 생태계의 경쟁력을 한 단계 끌어올리는 기폭제가 될 것""이라고 밝혔다.

정부는 센터 구축을 통해 국내 AI 기술 자립도를 높이고, 아마존웹서비스(AWS)나 마이크로소프트 애저(Azure)와 같은 글로벌 빅테크 기업에 대한 인프라 의존도를 낮추는 효과도 기대하고 있다. 향후 국가 AI 컴퓨팅센터가 국내 AI 산업의 혁신과 성장을 이끄는 핵심 거점으로 자리매김할 전망이다.",0
SAMPLE_04,"닛산 ""CEO 교체 준비""…혼다 합병 재시동 촉각","일본의 자동차 제조사 닛산이 실적 부진과 전동화 전환 지연에 대한 책임을 물어 현 최고경영자(CEO)를 교체할 준비에 착수했다는 보도가 나왔다. 업계에서는 이번 경영진 교체가 과거 여러 차례 수면 위로 떠올랐던 경쟁사 혼다와의 합병 논의를 재점화하기 위한 사전 작업일 수 있다는 분석이 제기되면서 긴장감이 고조되고 있다.

닛산은 현재 르노-미쓰비시와 함께 3사 동맹을 맺고 있지만, 전기차(EV) 플랫폼 개발과 소프트웨어 투자 등에서 글로벌 경쟁사에 뒤처지고 있다는 평가를 받아왔다. 이러한 위기 상황을 타개하기 위해, 일본 정부와 금융권을 중심으로 닛산과 혼다가 힘을 합쳐 '규모의 경제'를 실현하고 R&D 중복 투자를 줄여야 한다는 목소리가 꾸준히 제기되어 왔다.

자동차 산업 분석가는 ""닛산의 새로운 리더십은 기존 르노와의 관계를 재정립하고, 혼다와의 협력 가능성을 포함한 모든 전략적 옵션을 원점에서 재검토할 가능성이 높다""며 ""두 회사가 합병할 경우, 연간 생산량 1,000만 대에 육박하는 거대 자동차 그룹이 탄생하여 도요타, 폭스바겐 그룹과 어깨를 나란히 하게 될 것""이라고 전망했다.

물론 수십 년간 이어져 온 두 회사의 라이벌 관계와 복잡한 지분 구조 등은 합병에 있어 여전히 큰 장애물이다. 하지만 전기차와 자율주행이라는 거대한 패러다임 전환 앞에서 '생존을 위한 통합'이라는 명분이 힘을 얻고 있는 만큼, 향후 닛산의 리더십 변화가 일본 자동차 산업의 지각 변동을 일으키는 신호탄이 될지 귀추가 주목된다.",1
SAMPLE_05,로봇이 조립하고 AI가 검사…다품종 소량생산 최적 체계 구현,"국내 한 중견 가전업체가 로봇과 인공지능(AI)을 결합한 '지능형 셀(Cell) 생산 방식'의 스마트팩토리를 구축하여, 다품종 소량생산에 최적화된 차세대 제조 체계를 구현했다. 이는 소비자의 다양한 요구에 맞춰 맞춤형 제품을 신속하게 생산할 수 있는 유연 생산 시스템의 성공적인 사례로 평가받는다.

이 공장에서는 협동 로봇이 컨베이어 벨트 위에서 여러 모델의 공기청정기 부품을 정밀하게 조립하고, 조립이 완료되면 AI 비전 검사 시스템이 0.1초 만에 360도 스캔을 통해 미세한 흠집이나 조립 불량을 잡아낸다. 모든 공정 데이터는 디지털 트윈(Digital Twin) 기술을 통해 가상 공간에 실시간으로 구현되어, 문제 발생 시 즉각적인 원인 분석과 공정 최적화가 가능하다.

공장 관계자는 ""과거에는 생산 라인을 변경하는 데 꼬박 하루가 걸렸지만, 이제는 소프트웨어 설정 변경만으로 10분 안에 다른 제품을 생산할 수 있다""며 ""이를 통해 재고를 획기적으로 줄이고 고객의 주문에 즉각적으로 대응할 수 있게 됐다""고 밝혔다.

이러한 AI 기반의 유연 생산 시스템은 비단 가전제품뿐만 아니라, 화장품, 의료기기, 가구 등 다양한 산업 분야로 확산될 전망이다. 이는 국내 제조업이 인구 감소와 인건비 상승이라는 구조적 한계를 극복하고 글로벌 경쟁력을 한 단계 끌어올리는 핵심적인 해법이 될 것으로 보인다.",0
SAMPLE_06,멕시코 거점 韓 기업 한숨 돌렸지만…변동성 예의주시,"미국 정부가 당분간 멕시코산 제품에 대한 전면적인 관세 인상은 없다고 밝히면서, 멕시코를 북미 시장 공략의 핵심 생산 거점으로 활용해 온 국내 기업들은 일단 한숨을 돌렸다. 하지만 미국 대선 결과에 따라 통상 정책의 변동성이 여전히 큰 만큼, 안심하기는 이르다는 신중론이 우세하다.

멕시코는 미국과 국경을 맞대고 있어 물류비가 저렴하고, 북미자유무역협정(USMCA)에 따라 무관세 혜택을 누릴 수 있어 삼성전자, LG전자를 비롯한 다수의 국내 기업들이 생산 기지를 운영하고 있다. 만약 미국이 멕시코산 제품에 고율의 관세를 부과할 경우, 이들 기업의 가격 경쟁력은 치명적인 타격을 입을 수밖에 없는 구조다.

최근 미국 무역대표부(USTR) 대표가 ""기존의 USMCA 체제를 존중한다""는 입장을 재확인하면서 급한 불은 껐지만, 안심할 수는 없는 상황이다. 차기 행정부의 정책 방향에 따라 언제든지 관세 카드를 다시 꺼내들 수 있기 때문이다. KOTRA 관계자는 ""단기적인 리스크는 완화되었지만, 중장기적인 불확실성은 여전히 해소되지 않았다""며, ""우리 기업들은 미국 내 생산 비중을 높이는 '니어쇼어링' 전략을 병행하고, 공급망을 다변화하여 잠재적 리스크에 대비해야 한다""고 조언했다.

결국 멕시코에 진출한 우리 기업들은 '기회의 땅'이 지닌 잠재력과 '정치적 리스크'라는 양면성을 동시에 안고 있는 셈이다. 향후 미국의 통상 정책 변화를 예의주시하며 유연하게 대응할 수 있는 위기관리 능력이 기업의 생존을 좌우할 전망이다.",0
SAMPLE_07,올해 車 판매 1.9% 증가…저성장 기조 계속,"고금리와 경기 둔화의 영향으로 올해 국내 자동차 시장이 1.9% 성장에 그치며 저성장 국면을 이어갈 것이라는 전망이 나왔다. 한국자동차연구원은 최근 발표한 '2025년 자동차 시장 전망' 보고서를 통해 이같이 밝히고, 시장이 양적 팽창보다는 질적 변화에 집중하는 시기에 진입했다고 분석했다.

보고서에 따르면, 올해 국내 자동차 총 판매량은 약 177만 대로 예측되며, 이는 전년 대비 1.9% 증가한 수치다. 이러한 소폭 성장의 배경에는 하이브리드차의 꾸준한 인기와 주요 완성차 업체들이 출시하는 신형 전기차 모델에 대한 기대감이 자리 잡고 있다. 그러나 개별소비세 인하 조치 종료와 높은 할부 금리는 신차 구매 심리를 위축시키는 주요 요인으로 작용할 전망이다.

한국자동차연구원의 한 선임연구원은 ""과거와 같은 두 자릿수 성장률을 기대하기는 어려운 구조적 저성장 시대에 진입했다""며, ""특히 내연기관차에서 친환경차로의 전환 속도와 충전 인프라 확충 여부가 향후 시장 성장의 핵심 변수가 될 것""이라고 설명했다.

이러한 저성장 기조 속에서 완성차 업체들은 판매 대수 경쟁보다는 수익성 확보에 주력할 것으로 보인다. 고부가가치 차종인 SUV와 고급 브랜드의 판매 비중을 늘리고, 소프트웨어 중심 자동차(SDV) 관련 서비스를 통해 새로운 수익원을 창출하는 전략이 더욱 가속화될 전망이다.",1
SAMPLE_08,중국도 관세 즉각 맞불…광물수출 막고 美원유 10%P 추가관세,"미국이 중국산 전기차와 반도체 등에 대한 고율의 관세 부과를 발표하자, 중국 정부가 즉각적인 보복 조치를 단행하며 양국 간의 무역 갈등이 다시 격화되고 있다. 중국은 자국의 자원 우위를 무기 삼아 반도체 핵심 소재로 쓰이는 희귀 광물의 수출을 통제하고, 미국산 에너지 수입에 대해 추가 관세를 부과하는 '정밀 타격' 방식으로 맞대응에 나섰다.

중국 상무부는 미국의 관세 조치 발표 직후 성명을 통해 ""결연히 반대하며 엄정한 교섭을 제기한다""고 밝히고, 반도체 및 디스플레이 생산에 필수적인 갈륨과 게르마늄 관련 품목에 대한 수출 허가제를 강화한다고 발표했다. 이는 첨단 산업의 공급망을 통제함으로써 미국의 제재에 대응하겠다는 의도를 명확히 한 것이다.

또한, 중국은 셰일 혁명 이후 미국의 주요 수출품으로 부상한 원유에 대해 기존 관세에 더해 10%p의 추가 보복 관세를 부과하기로 결정했다. 이는 미국의 핵심 산업과 지지층인 '에너지 벨트'를 직접 겨냥한 조치로, 정치적 압박 효과를 극대화하려는 의도로 풀이된다.

미·중 양국의 '강 대 강' 대치가 재현되면서 글로벌 경제의 불확실성은 한층 더 커지고 있다. 양국의 무역 전쟁이 장기화될 경우, 글로벌 공급망 교란과 인플레이션 압력 가중은 불가피하다. 수출 의존도가 높은 우리 경제 역시 양국의 틈바구니에서 피해를 최소화하기 위한 정교한 통상 외교 전략이 시급한 상황이다.",0
SAMPLE_09,"현대차, 美 120만대 생산체제 구축…철강·부품·조립까지 현지서 해결","현대자동차그룹이 미국 조지아주에 건설 중인 전기차 전용 공장(HMGMA)이 완공되면, 기존 앨라배마 공장을 포함해 미국 내에서만 연간 120만 대 이상의 자동차를 생산할 수 있는 대규모 생산체제를 갖추게 된다. 여기에 최근 발표된 전기로 제철공장 건설 계획까지 더해지면서, 철강, 핵심부품, 최종 조립에 이르는 자동차 생산의 모든 과정을 미국 현지에서 해결하는 '완결형 공급망'을 구축하게 됐다.

이러한 전방위적인 현지화 전략은 미국의 보호무역주의 강화 흐름에 대응하기 위한 가장 확실한 해법으로 평가된다. 미국 내에서 생산된 부품을 사용하여 최종 조립까지 마친 '메이드 인 아메리카' 자동차는 잠재적인 고율 관세 부과 대상에서 제외될 뿐만 아니라, 인플레이션 감축법(IRA)의 전기차 보조금 혜택까지 온전히 누릴 수 있기 때문이다.

총 120만 대 생산체제는 현대차그룹이 GM, 포드, 도요타 등과 함께 미국 시장의 '빅 4' 반열에 오르는 중요한 발판이 될 전망이다. 한 자동차 산업 분석가는 ""현대차그룹의 전략은 단순한 현지 생산을 넘어, R&D와 부품 공급망, 생산, 판매, 금융까지 아우르는 '완전한 현지화'를 지향하고 있다""며 ""이는 어떤 통상 압박에도 흔들리지 않는 강력한 경쟁력을 제공할 것""이라고 분석했다.

지난 20여 년간 꾸준히 추진해 온 현대차그룹의 '미국 올인' 전략이 마침내 결실을 보고 있다. 완성차 생산 능력을 기반으로 한 이러한 견고한 현지화 체계는 현대차그룹이 북미 시장에서 지속 가능한 성장을 이어가는 핵심 동력이 될 것이다.",1
SAMPLE_10,"트럼프 ""조만간 EU에 25% 관세 부과""","도널드 트럼프 전 미국 대통령이 유럽연합(EU)의 무역 관행이 불공정하다며, 조만간 EU산 수입품에 대해 25%의 고율 관세를 부과할 수 있다고 강력히 경고했다. 이는 미국과 EU 간의 무역 갈등이 다시금 격화될 수 있음을 시사하는 것으로, 글로벌 금융 시장에 불확실성을 더하고 있다.

트럼프 전 대통령은 최근 한 연설에서 ""유럽은 무역 장벽을 통해 우리를 오랫동안 기만해왔다""고 주장하며, 특히 프랑스산 와인, 독일산 기계류, 이탈리아산 명품 등 특정 품목을 거론하며 관세 부과의 정당성을 역설했다. 이는 과거 대통령 재임 시절, 국가 안보를 이유로 수입산 철강·알루미늄에 고율 관세를 부과했던 '무역확장법 232조'를 다시 꺼내들 수 있다는 신호로 해석된다.

국제무역 전문가는 ""이러한 발언은 EU를 압박해 무역 협상에서 유리한 고지를 점하려는 전형적인 협상 전략""이라며 ""실제 관세가 부과될 경우, EU 역시 미국산 대두, 오렌지 등에 대한 보복 관세로 맞대응할 것이 확실해 전면적인 무역 전쟁으로 비화될 수 있다""고 분석했다.

트럼프 전 대통령의 '미국 우선주의'에 기반한 보호무역 기조가 재확인되면서, 대외 의존도가 높은 한국을 포함한 전 세계 국가들은 향후 미국의 통상 정책 변화에 촉각을 곤두세우고 있다. 관세 위협이 현실화될 경우, 글로벌 공급망의 혼란과 세계 경제의 위축은 불가피할 전망이다.",0
SAMPLE_11,"AI 사령관, 드디어 참전","미국 국방부가 인공지능(AI)을 활용하여 전장의 모든 상황을 종합적으로 분석하고, 지휘관에게 최적의 작전 계획을 제안하는 'AI 사령관' 시스템의 실전 테스트에 돌입했다. 이는 AI를 단순한 정찰이나 공격 무기를 넘어, 전쟁의 승패를 좌우하는 지휘통제 영역까지 확장하는 것으로, 미래 전쟁의 패러다임을 바꿀 '게임 체인저'가 될 수 있다는 점에서 주목된다.

미 국방고등연구계획국(DARPA)이 주도하는 이 프로젝트의 정식 명칭은 '전략적 통합 지휘통제 시스템(SI-C2)'이다. 이 시스템은 전 세계에 흩어져 있는 위성, 정찰기, 드론, 지상군 등 모든 군사 자산으로부터 수집되는 방대한 데이터를 실시간으로 융합·분석한다. 이후 AI 알고리즘이 적의 예상 이동 경로, 병력 규모, 잠재적 위협 등을 예측하고, 아군 피해를 최소화하면서도 전략적 목표를 달성할 수 있는 여러 가지 작전 시나리오를 수립해 인간 지휘관에게 보고하는 방식이다.

프로젝트 책임자는 ""AI 사령관은 최종적인 의사 결정을 내리는 것이 아니라, 인간 지휘관이 수많은 정보의 홍수 속에서 가장 합리적인 결정을 내릴 수 있도록 돕는 '최고의 참모' 역할을 수행하는 것""이라고 설명했다.

군사 전문가들은 AI 지휘통제 시스템의 도입이 미래 전장의 속도와 복잡성을 획기적으로 변화시킬 것으로 보고 있다. 누가 더 빠르고 정확하게 전장 상황을 인식하고 결심하느냐가 전쟁의 승패를 가르는 핵심 요인이 될 것이기 때문이다. AI 사령관의 등장은 이제 SF 영화 속 상상이 아닌, 눈앞의 현실로 다가오고 있다.",0
SAMPLE_12,광주는 AI 기회의 땅…새 둥지 트는 기업들,"광주광역시가 대한민국 인공지능(AI) 산업의 새로운 중심지로 떠오르면서, 수도권의 유망 AI 스타트업과 대기업의 연구소가 광주로 이전하거나 새 둥지를 트는 사례가 급증하고 있다. 이는 광주시가 국가 AI 데이터센터를 중심으로 구축하고 있는 'AI 융복합 집적단지'의 인프라와 파격적인 지원 정책이 시너지를 내고 있기 때문으로 분석된다.

광주시는 첨단3지구에 조성 중인 AI 집적단지에 입주하는 기업들을 대상으로 법인세 감면, R&D 자금 지원, 실증 장비 무료 제공 등 전방위적인 지원을 펼치고 있다. 특히, 세계적 수준의 연산 능력을 갖춘 국가 AI 데이터센터의 컴퓨팅 자원을 저렴하게 이용할 수 있다는 점이 자금력이 부족한 스타트업들에게 가장 큰 매력으로 작용하고 있다. 현재까지 200여 개가 넘는 기업과 기관이 광주에 새롭게 둥지를 틀었거나 이전을 확정했다.

광주 AI 산업 생태계에 합류한 한 스타트업 대표는 ""수도권에서는 상상하기 어려운 규모의 GPU 자원을 정부 지원으로 활용할 수 있어, AI 모델 개발 속도를 획기적으로 높일 수 있었다""며 ""광주가 바로 AI 기업에게는 '기회의 땅'""이라고 평가했다.

광주시의 성공적인 기업 유치는 AI 산업 육성을 통한 지역 균형 발전의 모범 사례로 평가받고 있다. 향후 AI 집적단지가 본격적으로 가동되면, 광주는 명실상부한 대한민국 AI 산업의 심장이자 글로벌 AI 혁신의 거점으로 도약할 전망이다.",0
SAMPLE_13,"채비 전기차 충전소, 美 텍사스로 확대","국내 전기차 충전기 제조 및 운영(CPO) 선도기업인 채비(CHAEVI)가 미국 텍사스주에 대규모 급속 충전소 구축을 시작하며 북미 시장 공략을 본격화한다. 이는 인플레이션 감축법(IRA)과 국가 전기차 충전 인프라 확충 계획(NEVI)에 힘입어 급성장하는 미국 충전 시장을 선점하기 위한 전략적 행보다.

채비는 텍사스주의 주요 도시와 고속도로를 중심으로, 자체 개발한 400kW(킬로와트)급 초급속 충전기를 포함한 대규모 충전 인프라를 구축할 계획이다. 채비의 충전기는 미국 현지의 충전 표준인 'CCS 콤보 1'과 테슬라의 'NACS'를 모두 지원하는 듀얼 커넥터 방식으로 제작되어 모든 종류의 전기차 운전자에게 편의를 제공하는 것이 특징이다. 또한, 미국 현지 생산을 통해 NEVI 프로그램의 보조금 지급 요건을 충족시켜 가격 경쟁력까지 확보했다.

채비 미국법인 대표는 ""텍사스는 미국 내에서도 전기차 등록 대수와 인구 증가율이 가장 높은 핵심적인 시장""이라며, ""우리의 뛰어난 기술력과 안정적인 운영 노하우를 바탕으로 미국 운전자들에게 최고의 충전 경험을 제공하고, K-충전기의 우수성을 널리 알릴 것""이라고 밝혔다.

국내 충전 시장에서 검증된 채비의 이번 미국 시장 진출은 K-충전기 산업의 글로벌 경쟁력을 보여주는 중요한 사례다. 향후 채비는 텍사스를 교두보 삼아 캘리포니아, 플로리다 등 다른 주로도 사업을 확장하며 북미 대표 CPO 기업으로 도약한다는 목표다.",1
SAMPLE_14,자율주행 등 첨단기술 확보 및 미래차 핵심부품 공급망 확충에 5천억 원 투입,"정부가 미래 모빌리티 시장의 주도권을 확보하고 공급망 안정을 도모하기 위해 자율주행, 인공지능(AI) 등 첨단 기술 R&D와 핵심 부품 국산화에 총 5천억 원 규모의 정책 자금을 투입한다. 이번 투자는 특정 국가에 대한 높은 부품 의존도를 낮추고, 국내에 안정적인 미래차 부품 생태계를 구축하는 데 초점이 맞춰져 있다.

산업통상자원부는 최근 '미래자동차 핵심기술 개발사업'의 신규 과제를 공모하며, ▲레벨 4 이상 자율주행을 위한 통합 제어기 및 인지 센서 기술 ▲차량용 시스템 반도체 설계 및 양산 기술 ▲전기차 구동모터용 희토류 대체 소재 개발 등을 집중 지원 분야로 선정했다. 선정된 기업 및 연구기관에는 과제별로 최대 100억 원의 연구개발 자금이 3년간 지원된다.

산업부 관계자는 ""미래차의 핵심 경쟁력은 하드웨어가 아닌 소프트웨어와 반도체, 그리고 안정적인 부품 공급망에서 나온다""며, ""이번 집중 투자를 통해 국내 중소·중견 부품업체들이 미래차 시장의 핵심 공급자로 성장할 수 있도록 지원하고, 공급망 리스크에 흔들리지 않는 견고한 산업 기반을 구축할 것""이라고 밝혔다.

글로벌 공급망 재편과 기술 패권 경쟁이 심화되는 가운데, 정부의 이번 선제적인 투자는 국내 자동차 산업의 지속 가능한 성장을 위한 중요한 마중물이 될 것으로 기대된다. 이를 통해 국내 부품업계의 기술 자립도를 높이고, 나아가 글로벌 시장으로 진출하는 발판을 마련할 수 있을지 주목된다.",1
SAMPLE_15,"태양광 패키지 이어 배터리 공장도 함께…한화·LG ""UAM도 협력""","한화그룹과 LG그룹이 기존의 태양광 및 에너지저장장치(ESS) 분야 협력을 넘어, 미래 신성장 동력으로 꼽히는 도심항공모빌리티(UAM) 분야까지 파트너십을 전면 확대한다. 이는 각 그룹이 보유한 항공우주, 배터리, 전장 기술의 시너지를 극대화하여 급성장하는 미래 모빌리티 시장을 선점하기 위한 전략적 동맹이다.

양사의 협력은 UAM 기체 개발부터 관제, 서비스 플랫폼 구축까지 전 영역을 아우른다. 한화에어로스페이스는 UAM의 핵심인 동체 및 추진 시스템 개발을 담당하고, LG에너지솔루션은 UAM의 장거리 운항을 위한 고에너지밀도 경량 배터리를, LG이노텍과 LG디스플레이는 자율비행에 필요한 첨단 센서와 조종석 디스플레이 등 전장 부품을 공급하는 방식이다. 양사는 미국에 공동으로 배터리 생산 공장을 짓는 방안도 함께 검토 중이다.

한 재계 관계자는 ""이번 협력은 특정 제품을 사고파는 관계를 넘어, K-UAM 생태계를 함께 구축하는 사실상의 '기술 동맹'""이라며, ""서로 다른 분야에서 최고 수준의 기술력을 가진 두 그룹이 손을 잡음으로써 UAM 상용화 시점을 크게 앞당길 수 있을 것""이라고 평가했다.

미래 먹거리 발굴을 위한 국내 대기업 간의 이종 결합은 앞으로 더욱 활발해질 전망이다. 한화와 LG의 이번 동맹이 향후 수백조 원 규모로 성장이 예상되는 글로벌 UAM 시장에서 '게임 체인저'가 될 수 있을지 귀추가 주목된다.",0
SAMPLE_16,中 전기차 리서치 지속…가격인하 경쟁 치열,"중국 전기차 시장이 극심한 수요 둔화와 공급 과잉이 맞물리면서 '치킨게임' 양상의 치열한 가격 인하 경쟁에 휩싸였다. 시장 선두 업체인 BYD가 주력 모델의 가격을 10% 이상 인하하며 포문을 열자, 샤오펑, 니오 등 후발 주자들도 잇따라 가격을 내리며 출혈 경쟁에 가세하는 모습이다.

이러한 가격 전쟁의 배경에는 중국 정부의 전기차 구매 보조금 폐지와 경기 침체로 인한 소비 심리 위축이 자리 잡고 있다. 과거 폭발적인 성장세를 이끌었던 정책적 지원이 사라지면서, 기업들은 오직 가격 경쟁력만으로 생존을 도모해야 하는 절박한 상황에 내몰린 것이다. 현재 중국 내 전기차 재고는 300만 대를 넘어선 것으로 추산되며, 이는 연간 판매량의 절반에 육박하는 수치다.

한 시장조사업체 연구원은 ""현재 중국 전기차 시장은 수십 개의 브랜드가 난립하며 옥석 가리기가 진행되는 구조조정의 초기 단계""라며 ""자본력과 기술력이 부족한 중소 업체들은 이번 가격 전쟁을 버티지 못하고 시장에서 퇴출될 가능성이 높다""고 분석했다.

중국발(發) 가격 인하 경쟁은 국내를 포함한 글로벌 자동차 시장에도 상당한 영향을 미칠 전망이다. 가격 경쟁력을 앞세운 중국산 전기차가 해외 수출을 본격화할 경우, 각국 시장에서 기존 완성차 업체들과의 치열한 점유율 경쟁이 불가피하기 때문이다. 향후 중국 전기차 시장의 구조조정 향방이 글로벌 자동차 산업의 지형을 바꾸는 중요한 변수가 될 것이다.",1
SAMPLE_17,올해 10대 제조업 투자 119조 전망…7% 증가,"반도체, 철강, 석유화학 등 국내 10대 주력 제조업 분야의 올해 설비투자 규모가 총 119조 원에 달해, 전년 대비 7% 증가할 것이라는 전망이 나왔다. 이는 글로벌 경기 둔화 우려에도 불구하고, 기업들이 미래 시장 선점을 위한 첨단 기술 투자와 친환경 전환 투자를 늦출 수 없다는 전략적 판단에 따른 것으로 분석된다.

산업연구원(KIET)이 발표한 '2025년 주요 산업별 설비투자 전망' 보고서에 따르면, 특히 반도체 산업이 전체 투자를 주도할 것으로 보인다. 삼성전자와 SK하이닉스는 인공지능(AI) 시장 성장에 대응하기 위해 고대역폭 메모리(HBM)와 차세대 파운드리 공정 개발에 각각 수십조 원 규모의 투자를 집행할 계획이다. 또한, 철강 및 석유화학 업계는 탄소중립 목표 달성을 위한 친환경 설비 전환에 대규모 투자를 예고했다.

보고서는 ""대외 경제의 불확실성이 상존하지만, 우리 기업들은 단기적인 업황 변동에 흔들리지 않고 미래 경쟁력 확보를 위한 투자를 지속하고 있다""며 ""특히 디지털 전환과 그린 전환이라는 두 가지 메가트렌드에 대응하기 위한 투자가 전체 설비투자의 절반 이상을 차지할 것""이라고 분석했다.

다만, 높은 금리와 원자재 가격 상승, 그리고 미·중 갈등 심화에 따른 공급망 불안 등은 기업 투자에 부담으로 작용할 수 있는 잠재적 리스크 요인으로 꼽혔다. 정부의 규제 완화와 적극적인 세제 지원이 기업들의 투자 심리를 위축시키지 않고 계획된 투자가 차질 없이 집행되도록 뒷받침해야 할 시점이다.",0
SAMPLE_18,패스워드 대신 인증키 발행…재사용 불가능 지문·안면 2차 인증…AI로 악성 트래픽 탐지,"사용자 인증 방식의 패러다임이 기존의 패스워드를 완전히 대체하는 '패스키(Passkey)' 중심으로 빠르게 전환되고 있다. 이는 패스워드 유출 및 재사용으로 인한 보안 사고를 원천적으로 차단하기 위한 것으로, 인공지능(AI) 기술을 결합한 다중 인증 방식까지 더해지며 보안 수준을 한층 끌어올리고 있다.

패스키는 사용자의 스마트폰이나 PC 등 개인 기기에 암호화된 인증키를 저장하고, 로그인이 필요할 때마다 지문이나 안면 인식과 같은 생체 정보를 통해 서버와 통신하는 기술이다. 서버에는 비밀번호가 저장되지 않아 대규모 정보 유출 사고가 발생해도 안전하며, 매번 새로운 키가 생성되어 재사용이 불가능해 피싱이나 스미싱 공격에 매우 효과적이다. 현재 구글, 애플, 마이크로소프트 등 빅테크 기업들이 FIDO(Fast IDentity Online) 얼라이언스를 통해 패스키 표준을 주도하고 있으며, 국내 금융 및 포털 사이트에서도 도입이 확산되는 추세다.

여기에 더해, 기업들은 AI를 활용하여 사용자의 로그인 패턴, 접속 위치, 기기 정보 등 다양한 데이터를 실시간으로 분석하는 'AI 기반 악성 트래픽 탐지 시스템'을 도입하고 있다. 이 시스템은 정상적인 사용자의 행동과 다른 이상 징후가 감지될 경우, 추가적인 2차 인증을 요구하거나 접속을 즉시 차단하여 해킹 시도를 무력화한다.

보안 업계 전문가는 ""패스워드에 의존하는 시대는 사실상 끝났다""며, ""편의성과 보안성을 모두 잡은 패스키와 AI 기반의 지능형 인증 시스템이 미래 디지털 환경의 표준으로 자리 잡을 것""이라고 전망했다.",0
SAMPLE_19,"트럼프 ""화성 개척""... 우주기업株 날았다","도널드 트럼프 전 미국 대통령이 '화성 개척'을 차기 행정부의 핵심 우주 정책으로 제시하면서, 관련 민간 우주항공 기업들의 주가가 일제히 급등했다. 이는 정부 주도의 대규모 프로젝트 재개 가능성에 대한 시장의 기대감이 반영된 결과로 풀이된다.

트럼프 전 대통령은 최근 한 연설에서 ""우리는 달을 넘어 화성에 미국의 깃발을 꽂는 첫 번째 국가가 될 것""이라고 공언하며, 나사(NASA)의 예산을 확대하고 민간 기업과의 파트너십을 강화하겠다는 의지를 밝혔다. 이 발언 직후 스페이스X의 협력사로 알려진 다수의 상장 기업과 로켓 엔진 및 위성 부품 제조업체들의 주가는 장중 10% 이상 급등하며 강한 상승세를 보였다.

금융 투자 업계에서는 트럼프 행정부 시절 '아르테미스 계획'이 본격화됐던 학습 효과가 투자 심리를 자극한 것으로 분석하고 있다. 한 증권사 연구원은 ""대규모 예산이 투입되는 국가 우주 프로젝트는 관련 산업 생태계 전반에 막대한 낙수효과를 가져온다""며, ""특히 발사체, 위성 통신, 탐사 로버 등 특정 기술을 보유한 기업들이 직접적인 수혜를 입을 것""이라고 설명했다.

다만, 이러한 정책 구상이 실제 예산 배정과 집행으로 이어지기까지는 상당한 불확실성이 존재하는 만큼, 단기적인 기대감에 편승한 투자는 경계해야 한다는 목소리도 나온다. 향후 대선 결과와 그에 따른 미국의 우주 정책 방향에 따라 관련 기업들의 장기적인 성장성이 결정될 전망이다.",0
SAMPLE_20,로봇군단 누비는 '긴박한 전장'…AI에 생사 결정권 맡길 각오됐습니까,"인공지능(AI) 기술이 발전하면서 자율살상무기(Lethal Autonomous Weapons, LAWS)가 현실로 다가오자, 인간의 개입 없이 AI에게 생사여탈권을 맡길 수 있는지를 둘러싼 국제적인 윤리 논쟁이 격화되고 있다. AI 로봇 군단이 누비는 미래 전장은 이미 기술적으로 구현 가능한 단계에 이르렀지만, 사회적, 윤리적 합의는 전혀 이루지 못한 상태다.

자율살상무기는 AI가 스스로 표적을 식별하고 공격 여부를 판단하여 실행하는 무기체계다. 지지자들은 인간의 감정적 판단 오류를 배제하고, 아군의 인명 피해를 최소화하며, 인간보다 빠른 반응 속도로 전장의 효율성을 높일 수 있다고 주장한다. 현재 이스라엘, 미국 등 일부 국가는 AI 기반의 드론과 감시 로봇을 실전에 투입하고 있으며, 기술 수준은 점차 고도화되는 추세다.

반면, 반대론자들은 기계가 인간의 생명을 결정하는 것은 인류의 존엄성에 대한 근본적인 위협이라고 경고한다. AI 알고리즘의 오류나 해킹으로 인해 민간인 대량 학살과 같은 끔찍한 재앙이 발생할 수 있으며, 이는 전쟁의 비인간성을 극단으로 치닫게 할 것이라는 우려다. 유엔(UN)을 중심으로 자율살상무기의 개발과 사용을 금지하는 국제 규범을 마련하려는 논의가 진행 중이지만, 각국의 이해관계가 엇갈려 합의에 이르지 못하고 있다.

기술의 발전 속도를 제도가 따라가지 못하는 현재의 상황은 인류에게 ""AI에게 생사 결정권을 맡길 각오가 되었는가?""라는 근본적인 질문을 던지고 있다. 이 질문에 대한 사회적 합의를 이루지 못한 채 기술만 앞서 나갈 경우, 인류는 돌이킬 수 없는 판도라의 상자를 열게 될지도 모른다.",0
SAMPLE_21,현대차 이대로 가면 中자율주행SW 써야할 수도,"현대자동차가 현재의 소프트웨어 개발 역량과 속도를 유지할 경우, 미래에는 중국의 자율주행 소프트웨어(SW)를 구매해서 사용해야 하는 상황에 직면할 수 있다는 업계의 날카로운 경고가 나왔다. 이는 소프트웨어 중심 자동차(SDV) 시대를 맞아 중국 IT 기업들이 보여주는 무서운 기술 발전 속도를 경계해야 한다는 위기의식의 발로다.

최근 한 자동차 산업 포럼에서 전문가는 ""바이두(Baidu)의 아폴로(Apollo) 플랫폼이나 화웨이(Huawei)의 ADS(Advanced Driving System) 등 중국의 자율주행 솔루션은 이미 글로벌 최고 수준에 근접했으며, 방대한 데이터 학습량과 빠른 업데이트 주기를 통해 기술 격차를 빠르게 좁히고 있다""고 진단했다. 그는 이어 ""현대차가 자체적인 차량용 OS와 자율주행 SW 플랫폼을 성공적으로 구축하지 못한다면, 미래차의 두뇌를 중국에 의존하게 되어 단순한 '하드웨어 조립 공장'으로 전락할 위험이 있다""고 지적했다.

이러한 주장의 배경에는 중국이 가진 거대한 내수 시장과 정부의 전폭적인 지원이 있다. 중국 기업들은 매일 수백만 대의 차량에서 생성되는 주행 데이터를 실시간으로 수집·분석하여 AI 알고리즘을 고도화하고 있으며, 이는 제한된 환경에서 데이터를 수집하는 국내 기업과는 비교할 수 없는 경쟁 우위 요소다.

물론 현대차그룹 역시 '포티투닷(42dot)'을 중심으로 자체 SDV 플랫폼 개발에 총력을 기울이고 있다. 그러나 업계에서는 단순한 기술 개발을 넘어, 유능한 SW 인재를 확보하고 개방적인 개발 문화를 정착시키는 근본적인 체질 개선이 병행되지 않는다면 중국과의 기술 경쟁에서 뒤처질 수밖에 없다고 입을 모은다. 이번 경고는 현대차가 '소프트웨어 기업으로의 전환'이라는 목표를 달성하기 위해 더욱 속도를 내야 함을 시사한다.",1
SAMPLE_22,"'한국판 IRA' 조세특례제한법 개정안, 국회 본회의 통과","국내 투자 활성화를 목표로 하는 '한국판 IRA' 법안, 즉 조세특례제한법(조특법) 개정안이 국회 본회의를 최종 통과했다. 이 법안은 반도체, 배터리 등 국가전략기술 분야의 국내 시설 투자에 대한 세액공제율을 대폭 상향하는 것을 핵심 내용으로 하고 있어, 관련 산업계의 대규모 투자를 촉진할 기폭제가 될 것으로 기대된다.

이번에 통과된 개정안에 따르면, 대기업 및 중견기업의 국가전략기술 시설 투자에 대한 세액공제율은 기존 8%에서 15%로, 중소기업은 16%에서 25%로 각각 2배 가까이 상향 조정된다. 또한, 올해 투자 증가분에 대해서는 10%의 추가 공제 혜택(임시투자세액공제)을 제공하여, 기업들이 최대 35%(중소기업 기준)의 파격적인 세금 감면 혜택을 받을 수 있는 길이 열렸다.

정부는 이번 조치가 미국의 인플레이션 감축법(IRA), 칩스법(CHIPS Act) 등에 대응하여 국내 첨단 산업의 글로벌 경쟁력을 확보하고, 해외로 빠져나가던 기업 투자를 국내로 유인(리쇼어링)하는 효과를 가져올 것으로 보고 있다. 기획재정부 관계자는 ""이번 세제 지원은 세계 최고 수준""이라며, ""어려운 경제 여건 속에서 기업 투자를 촉진하고 양질의 일자리를 창출하는 선순환 구조를 만드는 데 기여할 것""이라고 법안 통과의 의의를 설명했다.

재계는 즉각 환영의 뜻을 밝혔다. 다만, 법안의 실효성을 높이기 위해서는 까다로운 공제 요건을 완화하고 정책의 일관성을 유지하는 등 후속 조치가 뒷받침되어야 한다는 목소리도 나온다. '한국판 IRA' 법안이 실질적인 투자 확대로 이어져 한국 경제의 새로운 성장 동력으로 작용할 수 있을지 귀추가 주목된다.",0
SAMPLE_23,"한국앤컴퍼니, 한온시스템 인수…30대그룹 첫 진입","한국타이어앤테크놀로지의 지주사인 한국앤컴퍼니그룹이 국내 최대 사모펀드(PEF) 운용사 한앤컴퍼니로부터 글로벌 1위 자동차 열에너지 관리 솔루션 기업인 한온시스템의 경영권을 인수했다. 약 1조 7천억 원이 투입된 이번 빅딜을 통해 한국앤컴퍼니그룹은 자산 총액 26조 원을 넘어서며 재계 순위 30대 그룹에 처음으로 진입하게 됐다.

이번 인수는 한국앤컴퍼니그룹이 타이어 중심의 사업 구조에서 벗어나, 미래 전기차 시대를 선도하는 '하이테크 기업'으로 도약하기 위한 중대한 전략적 결정이다. 한온시스템은 전기차의 배터리 성능과 효율을 좌우하는 열관리 시스템 분야에서 독보적인 기술력을 보유한 글로벌 기업으로, 현대차그룹, 포드, 폭스바겐 등 전 세계 대부분의 완성차 업체를 고객사로 두고 있다.

한국앤컴퍼니 관계자는 ""타이어와 열관리 시스템은 모두 자동차의 주행 성능과 에너지 효율에 직결되는 핵심 부품""이라며, ""이번 인수를 통해 양사 간의 기술적 시너지를 창출하고, 전기차 핵심 부품 시장에서의 글로벌 리더십을 더욱 공고히 할 것""이라고 인수의의를 밝혔다.

자동차 산업의 패러다임이 전동화로 급격히 전환되는 가운데, 한국앤컴퍼니의 이번 결단은 그룹의 미래 성장 동력을 확보하는 결정적인 '신의 한 수'가 될 수 있다는 평가가 나온다. 향후 양사의 통합 과정과 시너지 창출 전략이 그룹의 미래를 좌우할 핵심 과제가 될 전망이다.",1
SAMPLE_24,車카메라 경쟁력 강화 세계 점유율 1위 도전,"LG이노텍이 자율주행 시대를 맞아 폭발적으로 성장하는 차량용 카메라 모듈 시장에서 세계 1위 자리에 오르겠다는 도전적인 목표를 공식화했다. 이를 위해 회사는 독보적인 광학 기술력을 바탕으로 제품 포트폴리오를 고도화하고, 멕시코 등 북미 생산 거점에 수천억 원 규모의 투자를 단행하며 생산 능력을 대폭 확대하고 있다.

최근 자동차는 단순한 이동 수단을 넘어 '움직이는 IT 기기'로 진화하면서, 차량 한 대에 탑재되는 카메라의 수가 평균 10개를 넘어서고 있다. 특히 첨단운전자보조시스템(ADAS)과 자율주행 기술이 고도화될수록 외부 환경을 정밀하게 인식하기 위한 고화소, 고성능 카메라의 중요성은 더욱 커지고 있다. LG이노텍은 이러한 시장 변화에 대응해 악천후에서도 선명한 시야를 확보하는 '센서 퓨전 카메라', 렌즈의 오염을 자동으로 제거하는 '히팅 및 클리닝 카메라' 등 혁신 제품을 잇달아 선보이며 기술 격차를 벌리고 있다.

LG이노텍 관계자는 ""스마트폰 카메라에서 1위를 차지한 독보적인 광학 설계 및 정밀 제조 기술을 자동차 분야로 확대 적용하고 있다""며 ""품질과 성능, 안정성 모든 면에서 고객이 신뢰할 수 있는 제품을 공급해 2027년까지 글로벌 1위 공급업체로 도약할 것""이라고 밝혔다.

글로벌 차량용 카메라 시장은 연평균 20% 이상의 가파른 성장세가 예상되는 유망 분야다. LG이노텍의 공격적인 투자와 기술 리더십 확보 전략이 치열한 시장 경쟁 속에서 어떠한 결실을 맺을지 업계의 관심이 집중되고 있다.",1
SAMPLE_25,"코오롱인더, 300억 투자 베트남 타이어코드 증설","코오롱인더스트리가 베트남 타이어코드 생산 공장에 300억 원을 추가로 투자해 연간 생산 능력을 1만 9,200톤 확대하는 증설을 완료했다. 이번 증설은 글로벌 타이어 시장의 회복세에 선제적으로 대응하고, 고부가가치 제품 생산을 통해 시장 지배력을 강화하기 위한 전략의 일환이다.

타이어코드는 타이어의 안전성과 내구성, 주행성을 좌우하는 핵심 소재로, 코오-롱인더스트리는 폴리에스터(PET) 타이어코드 부문에서 세계 시장 점유율 1위를 차지하고 있다. 베트남 공장은 코오롱인더스트리의 글로벌 생산 거점 중 하나로, 이번 증설을 통해 총 연산 10만 3,200톤의 생산 능력을 갖추게 되었다. 이는 단일 공장으로는 세계 최대 규모다.

이번 증설은 단순한 생산량 확대를 넘어, 친환경 및 고성능 타이어용 제품 생산에 초점이 맞춰져 있다. 특히 전기차 보급 확대로 수요가 급증하고 있는 고강도·저소음 타이어용 하이엔드 제품 생산 비중을 높여 수익성을 극대화한다는 계획이다. 코오롱인더스트리 관계자는 ""이번 증설은 우리의 글로벌 경쟁력을 한 단계 더 끌어올리는 계기가 될 것""이라며 ""베트남 공장을 중심으로 원가 경쟁력과 품질을 모두 확보해 글로벌 1위 위상을 공고히 하겠다""고 밝혔다.

글로벌 공급망 재편과 미·중 무역 갈등 속에서 베트남이 새로운 생산 기지로 부상하면서, 코오롱인더스트리의 이번 투자는 안정적인 생산 및 수출 기반을 확보하는 전략적 의미도 지닌다. 향후 코오롱인더스트리는 베트남 공장을 교두보 삼아 북미와 유럽 시장 공략에 더욱 박차를 가할 전망이다.",1
SAMPLE_26,"한화·LG, 에너지 동맹…""테슬라 잡자""","한화큐셀과 LG에너지솔루션이 태양광과 에너지저장장치(ESS)를 결합한 '통합 에너지 솔루션' 사업을 위해 전략적 동맹을 맺었다. 이는 각 사의 강점을 결합해 가정용 및 산업용 에너지 시장에서 압도적인 점유율을 차지하고 있는 테슬라의 '에너지 생태계'에 본격적으로 도전장을 내민 것으로 풀이된다.

이번 동맹의 핵심은 한화큐셀의 세계적인 태양광 모듈 기술과 LG에너지솔루션의 고성능 ESS 배터리 기술을 하나의 패키지로 묶어 판매하는 것이다. 소비자들은 태양광으로 낮에 생산한 전기를 ESS에 저장했다가 밤에 사용함으로써, 전기 요금을 절감하고 에너지 자립도를 높일 수 있다. 양사는 공동 R&D를 통해 양 제품 간의 호환성과 에너지 효율을 극대화하고, 통합 설치 및 A/S 서비스까지 제공할 계획이다.

양사 관계자는 ""이번 협력은 단순한 제품 결합을 넘어, 고객에게 최적의 에너지 경험을 제공하는 '솔루션 프로바이더'로 거듭나기 위한 것""이라며 ""테슬라가 주도하는 글로벌 에너지 시장에서 'K-에너지 연합'의 기술력을 보여줄 것""이라고 밝혔다.

전 세계적으로 분산 발전과 에너지 효율의 중요성이 커지면서, 태양광-ESS 결합 시장은 연평균 30% 이상의 고성장이 예상되는 블루오션이다. 한화와 LG의 이번 동맹이 글로벌 에너지 시장의 판도를 바꿀 수 있을지 업계의 관심이 집중되고 있다.",0
SAMPLE_27,불법이민 추방·신재생 중단 … 행정명령 첫날부터 몰아친다,"차기 미국 행정부가 출범 첫날부터 국경 통제 강화와 이전 정부의 핵심 신재생에너지 정책을 폐기하는 내용의 행정명령을 대거 발동할 것으로 예고되면서, 미국 사회와 산업계 전반에 거대한 파장이 예상된다. 이는 선거 기간 동안 내세웠던 핵심 공약들을 속도감 있게 이행하며 국정 운영의 주도권을 초기에 확실히 다지겠다는 의도로 풀이된다.

가장 먼저 예상되는 조치는 남부 국경을 통한 불법 이민을 막기 위한 전방위적 조치다. 행정명령에는 국경 장벽 건설 재개, 망명 신청 요건 강화, 불법 체류자 대규모 추방 작전 등이 포함될 것으로 알려졌다. 이와 동시에, 이전 행정부가 추진해 온 파리기후변화협약 관련 규제와 전기차 보조금, 풍력·태양광 발전 지원 등 친환경 에너지 정책을 전면 중단하거나 대폭 축소하는 행정명령도 유력하다.

한 정치 분석가는 ""새 행정부는 지지층 결집과 정책적 차별화를 위해 취임 초기 강력한 행정명령을 통해 국정 기조를 급격히 전환하려 할 것""이라며 ""이는 법적 소송과 주 정부들의 반발을 불러일으키며 극심한 사회적 갈등을 유발할 수 있다""고 분석했다.

이러한 정책의 급선회는 관련 산업계에도 직접적인 영향을 미칠 전망이다. 신재생에너지 관련 기업들은 대규모 투자 계획을 재검토해야 하는 불확실성에 직면한 반면, 전통적인 화석연료 산업은 규제 완화에 대한 기대감으로 활기를 띨 것으로 보인다. 향후 몇 달간 이어질 행정명령의 구체적인 내용에 따라 미국 경제와 사회의 향방이 결정될 전망이다.",0
SAMPLE_28,"현대차 싱크탱크 ""中BYD 한국 상륙, 절대로 경시해선 안돼""","현대자동차그룹의 싱크탱크인 한국자동차연구원이 최근 보고서를 통해 중국 BYD의 국내 승용 전기차 시장 진출을 '심각한 위협'으로 규정하고, 절대로 경시해서는 안 된다는 강력한 경고를 내놨다. 이는 BYD가 단순한 저가 브랜드가 아닌, 기술력과 수직계열화를 통한 원가 경쟁력을 모두 갖춘 강력한 경쟁자라는 판단 때문이다.

보고서는 BYD의 핵심 경쟁력으로 자체 개발한 LFP(리튬·인산·철) '블레이드 배터리'의 안정성과 가격 경쟁력, 그리고 배터리부터 반도체, 완성차까지 이어지는 강력한 수직계열화 구조를 꼽았다. 이를 통해 BYD는 동급의 국산 전기차보다 수백만 원 저렴한 가격에 차량을 출시할 잠재력을 갖추고 있으며, 이는 국내 보급형 전기차 시장의 판도를 단숨에 뒤흔들 수 있는 파급력을 지닌다.

연구원은 보고서에서 ""BYD의 한국 상륙은 국내 소비자의 선택권을 넓히는 긍정적인 측면도 있지만, 국내 자동차 산업 생태계에는 상당한 도전이 될 것""이라며, ""국내 업체들은 가격 경쟁력 확보는 물론, 소프트웨어와 서비스 측면에서 차별화된 가치를 제공하는 전략으로 대응해야 한다""고 제언했다.

BYD는 올해 하반기 중형 세단 '씰(Seal)'을 시작으로 국내 시장 공략을 본격화할 계획이다. 현대차그룹을 중심으로 견고하게 형성되었던 국내 전기차 시장에 BYD가 어떤 파장을 일으킬지, 그리고 국내 업체들이 이 '메가톤급 태풍'에 어떻게 맞설지 업계의 긴장감이 고조되고 있다.",1
SAMPLE_29,K-방산 총출동…첨단 방공망 선보인다,"국내 주요 방위산업체들이 '대한민국방위산업전(DX KOREA)'에 총출동하여, 북한의 미사일과 장사정포 위협에 대응하는 차세대 '한국형 아이언돔' 등 첨단 방공망 솔루션을 대거 선보였다. 이는 최근 중동과 유럽 등에서 K-방산의 위상이 높아진 가운데, 기술력을 다시 한번 입증하고 추가 수출 활로를 모색하기 위함이다.

이번 전시회에서 가장 주목받은 것은 LIG넥스원의 장사정포요격체계(LAMD)와 한화시스템의 다기능레이더(MFR)를 결합한 저고도 미사일 방어 시스템이다. 이 시스템은 수백 발의 장사정포탄이 동시에 날아오는 상황에서도 다수의 표적을 실시간으로 추적하고 동시 교전할 수 있는 능력을 갖췄다. 또한, 천궁-II(M-SAM), 장거리 지대공미사일(L-SAM) 등 다층 방어체계의 핵심 무기들도 함께 공개되었다.

한 방산업체 관계자는 ""최근 실전에서 무인기나 순항미사일의 위협이 입증되면서, K-방산의 촘촘한 방공망 솔루션에 대한 해외의 관심이 그 어느 때보다 높다""며 ""우수한 성능과 가격 경쟁력, 신속한 납기 능력을 바탕으로 글로벌 시장을 적극 공략할 것""이라고 밝혔다.

K-방산의 이러한 기술적 약진은 과거 무기 수입국에서 벗어나, 이제는 첨단 방산 기술을 수출하는 선도국으로 발돋움했음을 보여준다. 이번 전시회를 계기로 K-방산의 수출 영토가 더욱 확장될 것으로 기대된다.",0
SAMPLE_30,"K9 누적 수출 13조원 돌파…항공기 엔진도 생산, K방산의 핵심으로","국산 K9 자주포의 누적 수출 계약액이 13조 원을 돌파하며, K-방산의 핵심 수출 효자 품목임을 다시 한번 입증했다. 이러한 성과를 바탕으로 K9 자주포를 생산하는 한화에어로스페이스는 차세대 전투기용 엔진 등 항공기 엔진 사업까지 포트폴리오를 확장하며 대한민국 방위산업의 핵심 기업으로 도약하고 있다.

K9 자주포는 폴란드, 튀르키예, 호주 등 전 세계 9개국에 수출되며 '글로벌 명품 무기'로서의 위상을 확고히 했다. 이는 경쟁 제품 대비 뛰어난 성능과 가격 경쟁력, 그리고 신속한 납기 능력이 시너지를 낸 결과다. 특히, 최근에는 루마니아와 1조 4천억 원 규모의 대규모 수출 계약을 체결하며 유럽 시장에서의 영향력을 더욱 확대했다.

한화에어로스페이스는 자주포 사업의 성공에 안주하지 않고, 미래 먹거리 확보를 위해 항공기 엔진 사업에 역량을 집중하고 있다. 독자적인 기술력을 바탕으로 한국형 전투기 KF-21에 탑재될 엔진을 개발 중이며, 향후 민항기 엔진 시장까지 진출한다는 원대한 목표를 세우고 있다.

방산업계 관계자는 ""지상 방산 플랫폼에서의 성공 경험을 항공우주 분야로 확장하는 한화에어로스페이스의 전략은 매우 고무적""이라며, ""이는 K-방산이 단순한 무기 수출을 넘어, 첨단 기술 기반의 종합 방산 솔루션 기업으로 진화하고 있음을 보여주는 사례""라고 평가했다. K9 자주포의 성공 신화가 K-방산의 새로운 도약을 이끄는 강력한 엔진이 되고 있다.",0
SAMPLE_31,AI로 車유리 손상 분석부터 견적까지…'유리픽스' 플랫폼 출시,"인공지능(AI) 기술을 이용해 자동차 유리의 손상 부위를 분석하고, 교체 또는 복원에 필요한 비용 견적을 실시간으로 제공하는 전문 플랫폼 '유리픽스(Yurifix)'가 공식 출시됐다. 이는 기존에 정비소에 직접 방문해야만 알 수 있었던 수리 정보를 스마트폰 사진 한 장으로 간편하게 확인할 수 있게 해, 소비자의 편의성을 획기적으로 개선했다는 평가를 받는다.

'유리픽스'는 사용자가 스마트폰으로 자동차 유리의 파손 부위(크랙, 스톤칩 등)를 촬영해 업로드하면, AI 비전 기술이 이미지 데이터를 분석하여 손상의 종류, 크기, 위치를 0.5초 이내에 정확히 진단하는 방식으로 작동한다. 진단이 완료되면, 해당 차종의 부품 가격과 표준 공임을 기반으로 한 예상 수리비 견적을 즉시 제공하며, 사용자의 위치를 기반으로 가장 가까운 협력 정비소 예약까지 원스톱으로 연결해준다.

플랫폼 개발사 관계자는 ""수십만 건의 자동차 유리 파손 데이터를 AI에 학습시켜 98% 이상의 높은 진단 정확도를 확보했다""며 ""정보 비대칭이 심했던 자동차 애프터마켓 시장을 투명하게 혁신하고, 소비자와 정비소 모두에게 이익이 되는 상생 플랫폼을 만드는 것이 목표""라고 밝혔다.

'유리픽스'의 등장은 자동차 관리 및 수리 분야에 AI와 플랫폼 기술이 결합되는 '오토테크(Auto-tech)' 산업의 최신 트렌드를 보여준다. 향후 이러한 데이터 기반의 자동 견적 서비스는 유리뿐만 아니라, 차체 덴트, 도색 등 다른 외장 수리 분야로도 빠르게 확산될 전망이다.",1
SAMPLE_32,"美-中 AI기술 격차, 3개월로 좁혀져","인공지능(AI) 기술 분야에서 미국이 유지해왔던 중국과의 기술 격차가 불과 3개월 수준으로 좁혀졌다는 분석이 나왔다. 이는 중국이 막대한 데이터와 정부의 전폭적인 지원을 바탕으로 무서운 속도로 추격해오면서, AI 패권을 둘러싼 양국 간의 경쟁이 사실상 '초접전' 양상에 들어섰음을 의미한다.

미국의 한 저명한 AI 연구기관은 최근 발표한 보고서를 통해, 대규모 언어 모델(LLM)의 성능과 학습 데이터 규모, 추론 속도 등 핵심 지표를 종합 분석한 결과 이같이 나타났다고 밝혔다. 보고서는 특히 중국 기업들이 미국의 오픈소스 AI 모델을 빠르게 흡수하고, 이를 기반으로 자국 환경에 최적화된 상용 모델을 개발하는 '패스트 팔로워(Fast Follower)' 전략이 기술 격차를 좁힌 주요 원인이라고 지적했다.

보고서의 저자는 ""과거 반도체나 디스플레이 산업에서 그랬던 것처럼, 중국은 이제 AI 분야에서도 단순한 추격자를 넘어, 특정 분야에서는 미국을 위협하는 '경쟁자'로 부상했다""며 ""미국 정부의 대중국 반도체 수출 통제 조치가 단기적으로는 중국의 발목을 잡았지만, 장기적으로는 중국의 AI 기술 자립을 오히려 촉진하는 결과를 낳을 수도 있다""고 경고했다.

AI 기술은 미래 산업의 경쟁력과 국가 안보를 좌우할 '게임 체인저'다. 미국과 중국의 AI 패권 경쟁이 격화될수록, 양국의 틈바구니에 있는 우리나라는 초거대 AI 모델의 자체 개발과 함께, AI 반도체 등 우리가 강점을 가진 분야에 선택과 집중을 하는 전략적 지혜가 그 어느 때보다 필요한 시점이다.",0
SAMPLE_33,"한자연, 전동화 파워트레인 기술 동향·개발전략 공유","한국자동차연구원(한자연)이 '차세대 전동화 파워트레인 기술 동향 및 개발 전략'을 주제로 산업계, 학계, 연구계 전문가들이 참여하는 대규모 기술 세미나를 개최했다. 이번 세미나는 글로벌 시장 경쟁이 격화되는 가운데, 국내 자동차 산업의 전동화 기술 초격차를 유지하기 위한 핵심 전략을 공유하고 협력 방안을 모색하기 위해 마련됐다.

이번 세미나에서는 ▲전고체 배터리 상용화 현황 ▲800V 고전압 시스템용 실리콘 카바이드(SiC) 전력반도체 기술 ▲구동모터의 효율 및 소음 개선 방안 ▲통합 열관리 시스템(ITMS) 등 전동화 파워트레인의 핵심 분야별 최신 기술 동향이 심도 있게 다뤄졌다. 특히, 소프트웨어 중심 자동차(SDV) 아키텍처와 파워트레인 제어 기술의 통합 방안이 주요 의제로 논의되었다.

한자연 원장은 개회사를 통해 ""미래 모빌리티 시대의 주도권은 핵심 부품과 소프트웨어 기술력에 달려있다""며, ""이번 세미나가 산학연이 가진 역량을 하나로 모아 다가올 위기를 극복하고 새로운 기회를 창출하는 협력의 장이 되기를 기대한다""고 밝혔다.

업계에서는 이번 세미나가 국내 전동화 기술의 현주소를 진단하고 미래 방향성을 설정하는 중요한 이정표가 되었다고 평가한다. 향후 세미나에서 논의된 내용을 바탕으로 한 산학연 공동 R&D 프로젝트가 더욱 활성화될 것으로 전망된다.",1
SAMPLE_34,"LG엔솔, 美 델타와 주택용 ESS배터리 공급 협력","LG에너지솔루션이 글로벌 에너지 관리 및 전력 솔루션 기업인 미국의 델타 일렉트로닉스(Delta Electronics)와 손잡고, 북미 주택용 에너지저장장치(ESS) 시장 공략을 본격화한다. 이번 협력은 LG에너지솔루션의 고성능 리튬이온 배터리 모듈을 델타의 가정용 ESS 시스템에 공급하는 것을 골자로 한다.

이번 계약에 따라 LG에너지솔루션은 파우치형 NCM(니켈·코발트·망간) 배터리를 기반으로 한 주력 ESS 제품 'L-시리즈' 모듈을 델타에 공급한다. 델타는 이 배터리 모듈을 자사의 최신 가정용 ESS 제품군에 탑재하여, 미국 전역의 주택 및 소규모 상업 시설에 판매할 예정이다. 양사는 이번 공급 계약을 시작으로, 향후 차세대 ESS 제품 공동 개발까지 협력 범위를 확대해 나갈 계획이다.

북미 주택용 ESS 시장은 태양광 발전 보급 확대와 전기 요금 상승, 그리고 잦은 정전 사태로 인해 연평균 20% 이상의 가파른 성장세가 예상되는 유망 시장이다. 특히, IRA(인플레이션 감축법)에 따라 가정용 ESS 설치 시 세액공제 혜택까지 받을 수 있어 시장 성장은 더욱 가속화될 전망이다.

LG에너지솔루션 관계자는 ""글로벌 최고 수준의 기술력을 갖춘 델타와의 파트너십을 통해 북미 주택용 ESS 시장에서의 리더십을 강화하게 되어 기쁘다""며 ""앞으로도 다양한 고객사와의 협력을 통해 맞춤형 ESS 솔루션을 제공하며 시장을 선도해 나갈 것""이라고 밝혔다.",0
SAMPLE_35,"현대차 인스터, 日서 첫 자체 보조금 지원","현대자동차가 '외산차의 무덤'으로 불리는 일본 전기차 시장 공략을 위해 현지 정부 보조금과 별도로 추가 할인을 제공하는 첫 '자체 보조금' 지원 프로그램을 시작했다. 이는 공격적인 가격 정책을 통해 일본 소비자들의 구매 장벽을 낮추고, 브랜드 인지도를 끌어올리기 위한 전략적 승부수다.

이번 프로그램에 따라, 현대차의 주력 전기차인 아이오닉 5와 코나 일렉트릭을 구매하는 일본 고객은 차종에 따라 최대 15만 엔(약 130만 원)의 추가 할인을 받을 수 있다. 일본 정부와 지자체가 지급하는 기존 보조금과 합산할 경우, 실구매 가격은 동급의 일본산 전기차와 비슷하거나 오히려 저렴해져 상당한 가격 경쟁력을 갖추게 된다.

현대차 일본법인(Hyundai Mobility Japan) 관계자는 ""이번 자체 보조금은 일본 시장에 대한 우리의 강력한 의지를 보여주는 것""이라며 ""가격 경쟁력 확보와 함께, 현지 고객들이 현대 전기차의 뛰어난 상품성을 직접 경험할 수 있도록 시승 및 체험 마케팅도 대폭 강화할 계획""이라고 밝혔다.

지난 2022년 전기차로만 일본 승용차 시장에 재진출한 현대차는 그동안 온라인 판매와 차별화된 고객 경험을 앞세워 시장을 공략해왔다. 이번 자체 보조금 카드가 일본 시장의 견고한 벽을 넘어서는 결정적인 한 수가 될 수 있을지 주목된다.",1
SAMPLE_36,"트럼프 ""상호관세 연기 계획 없다""","도널드 트럼프 전 미국 대통령이 주요 교역국들에 대해 예고했던 '상호관세'의 부과를 연기할 계획이 전혀 없다고 못 박으며, 강경한 보호무역주의 기조를 재확인했다. 이는 차기 행정부 출범 시, 협상보다는 즉각적인 관세 조치를 통해 무역 불균형 문제를 해결하겠다는 강력한 의지를 드러낸 것으로, 글로벌 통상 환경에 대한 불확실성을 극대화시키고 있다.

'상호관세'는 다른 나라가 미국산 제품에 부과하는 관세율만큼, 미국도 해당 국가의 제품에 동일한 관세율을 매기겠다는 개념이다. 트럼프 전 대통령은 특정 국가들을 거론하며 ""그들이 우리 농산물에 50%의 관세를 부과한다면, 우리도 그들의 공산품에 50%의 관세를 부과할 것""이라고 주장했다. 이는 기존의 복잡한 무역 협정을 무시하고, '눈에는 눈, 이에는 이' 방식의 단순하고 직접적인 보복을 가하겠다는 의미다.

이러한 발언에 대해 국제 금융 시장은 즉각적인 우려를 표했다. 월가에서는 상호관세가 현실화될 경우, 글로벌 공급망의 대혼란과 인플레이션의 재점화는 물론, 세계 경제가 수축 국면에 진입할 수 있다는 경고가 쏟아지고 있다.

트럼프 전 대통령의 이 같은 단호한 입장은 그의 핵심 지지층을 결집시키는 효과는 있겠지만, 실제 정책으로 이어질 경우 전 세계적인 무역 전쟁을 촉발하는 방아쇠가 될 수 있다. 수출 중심 경제 구조를 가진 우리나라로서는 최악의 시나리오에 대비한 범정부 차원의 철저한 대응 계획 마련이 그 어느 때보다 시급한 과제로 떠올랐다.",0
SAMPLE_37,"美, 상호관세 2단계로 간다…""최대 50% '관세 폭탄' 던진 뒤 협상""","미국 차기 행정부가 구상 중인 '상호관세' 정책이 단순히 동일한 세율을 적용하는 1단계를 넘어, 무역 불균형이 심각한 국가에 대해서는 최대 50%의 '관세 폭탄'을 먼저 부과한 뒤 개별 협상에 나서는 2단계 방식으로 추진될 것이라는 구체적인 로드맵이 제시됐다. 이는 과거보다 한층 더 강력하고 예측 불가능한 방식의 통상 압박을 예고하는 것이다.

미국의 한 보수 성향 싱크탱크는 최근 발표한 정책 보고서에서, 모든 국가에 10%의 보편 관세를 우선 적용한 뒤(1단계), 대미 무역 흑자 규모가 GDP의 일정 비율을 넘어서는 국가들을 '불공정 무역국'으로 지정하여 최대 50%의 징벌적 관세를 추가로 부과해야 한다고 주장했다. 이후 해당 국가들과 개별 양자 협상을 통해 무역 불균형 해소 방안이 마련되면, 추가 관세를 단계적으로 철회하는 '채찍과 당근' 전략을 구사해야 한다는 것이다.

이러한 2단계 상호관세 시나리오가 현실화될 경우, 대미 무역 흑자 규모가 큰 중국, 베트남은 물론 한국 역시 잠재적인 '관세 폭탄'의 대상이 될 수 있다는 우려가 나온다.

국제무역 전문가는 ""이러한 방식은 사실상 세계무역기구(WTO) 체제를 무력화하고, 힘의 논리에 기반한 일방적인 무역 질서를 구축하려는 시도""라며 ""이는 글로벌 경제에 극심한 혼란을 초래하고, 전 세계적인 보복 관세의 악순환을 불러일으킬 것""이라고 경고했다. 향후 미국의 통상 정책이 어떻게 구체화될지에 따라 세계 경제의 향방이 결정될 전망이다.",0
SAMPLE_38,"정부, 오사카 엑스포에 韓 독립관 마련","정부가 오는 2025년 일본에서 열리는 '오사카·간사이 세계 엑스포'에 한국의 문화와 첨단 기술력을 선보일 독립 국가관을 건립한다. '마음을 잇는 길(Connecting Lives)'을 주제로 한 한국관은 한류 콘텐츠와 미래 비전을 결합하여 전 세계 관람객들에게 대한민국의 매력을 알리는 핵심적인 역할을 수행할 예정이다.

대한무역투자진흥공사(KOTRA) 주관으로 건립되는 한국관은 총사업비 약 980억 원이 투입되며, 약 3,500㎡(제곱미터) 부지에 지상 3층 규모로 조성된다. 건물 외관은 네트워크로 연결된 현대 사회를 상징하는 입체적인 디자인이 적용되며, 내부 전시 공간은 K-컬처, 바이오헬스, 미래 모빌리티, 인공지능(AI) 등 한국의 혁신 성장을 대표하는 콘텐츠로 채워진다.

KOTRA 관계자는 ""이번 오사카 엑스포는 코로나19 팬데믹 이후 처음으로 열리는 대규모 국제 행사인 만큼, 한국의 국가 브랜드를 한 단계 끌어올릴 절호의 기회""라며 ""단순한 전시를 넘어, 우리 기업들의 비즈니스 기회를 창출하고 일본 및 글로벌 시장 진출을 지원하는 플랫폼으로 활용할 것""이라고 밝혔다.

2025년 4월 13일부터 10월 13일까지 6개월간 열리는 오사카 엑스포에는 전 세계 150여 개국이 참가할 것으로 예상된다. 정부는 이번 엑스포 참가를 통해 2030 부산 엑스포 유치 실패의 아쉬움을 딛고, 문화강국이자 기술강국으로서의 한국의 위상을 다시 한번 전 세계에 각인시킨다는 계획이다.",0
SAMPLE_39,"포티투닷, 화성에 자율주행 인프라 깐다","현대자동차그룹의 글로벌 소프트웨어 센터인 포티투닷(42dot)이 경기도 화성시에 대규모 자율주행 기술 실증 단지를 구축하고, 미래 모빌리티 서비스 상용화를 위한 본격적인 인프라 확장에 나선다. '자율주행 도시(Autonomous City)'라는 이름으로 추진되는 이번 프로젝트는 실제 도시 환경과 동일한 테스트베드를 조성하여 기술의 안전성과 신뢰성을 확보하는 것을 목표로 한다.

포티투닷은 화성시 내 특정 지구를 대상으로, 자율주행 차량 운행에 필수적인 고정밀지도(HD Map)를 제작하고, 차량과 사물 간 통신(V2X) 인프라를 도로 곳곳에 설치한다. 또한, 실시간 교통 정보를 수집하고 분석하여 최적의 경로를 안내하는 중앙 관제 센터도 함께 구축한다. 이곳에서 포티투닷의 자율주행 셔틀과 로보택시가 운행되며, 축적된 데이터는 AI 주행 알고리즘을 고도화하는 데 사용될 예정이다.

포티투닷 관계자는 ""가상 시뮬레이션만으로는 실제 도로에서 발생하는 수많은 돌발 변수에 완벽하게 대응하기 어렵다""며, ""이번 실증 단지 구축은 우리의 자율주행 기술을 실험실에서 꺼내 실제 도시 환경 속에서 완성도를 높이는 결정적인 단계가 될 것""이라고 설명했다.

포티투닷의 이번 인프라 투자는 단순한 기술 개발을 넘어, 자율주행을 기반으로 한 새로운 모빌리티 서비스를 사업 모델로 구체화하려는 전략의 일환이다. 향후 화성시 실증 단지가 대한민국을 대표하는 자율주행 기술의 메카로 자리매김할 전망이다.",1
SAMPLE_40,"AI 품은 융합로봇, 든든해요","인공지능(AI) 기술과 로보틱스가 결합한 '지능형 융합로봇'이 산업 현장의 안전을 지키고 생산성을 높이는 든든한 조력자로 빠르게 자리 잡고 있다. 과거 정해진 작업만 반복하던 산업용 로봇에서 진화하여, 이제는 AI의 '눈'과 '두뇌'를 통해 복잡한 비정형 작업까지 스스로 판단하고 수행하는 단계에 이르렀다.

최근 국내 제철소와 조선소 등 고위험 산업 현장에는 AI 비전 센서를 탑재한 4족 보행 로봇이나 자율이동로봇(AMR)이 활발하게 도입되고 있다. 이 로봇들은 인간 작업자가 접근하기 어려운 위험 구역을 순찰하며 가스 누출, 설비 과열, 안전 장비 미착용 등을 실시간으로 감지해 중앙 관제실에 알린다. 이를 통해 잠재적인 산업 재해를 사전에 예방하고 안전 관리의 효율성을 극대화할 수 있다.

한 로봇 개발업체 대표는 ""최신 AI 알고리즘을 통해 로봇은 이제 단순한 기계를 넘어, 현장 상황을 종합적으로 이해하고 예측하는 '지능형 에이전트'로 발전하고 있다""며 ""물류, 건설, 의료, 농업 등 적용 분야는 무궁무진하다""고 설명했다.

정부 역시 '지능형 로봇 개발 및 보급 촉진법'을 개정하는 등 관련 산업 육성에 적극적으로 나서고 있다. AI를 품은 융합로봇의 확산은 저출산·고령화로 인한 노동력 부족 문제를 해결하고, 국내 제조업의 경쟁력을 한 단계 끌어올리는 핵심 동력이 될 전망이다.",0
SAMPLE_41,AI로 무장한 가성비… '대륙의 한수' 무차별 韓침공,"인공지능(AI) 기술로 무장한 중국산 가성비(가격 대비 성능) 제품들이 한국 시장을 무차별적으로 공략하고 있다. 과거 '값싼 모방품'이라는 인식에서 벗어나, 최신 AI 기술을 탑재하고도 파격적인 가격을 내세운 '대륙의 한수'에 국내 가전 및 IT 시장의 판도가 흔들리고 있다.

이러한 공세는 로봇청소기, 스마트 TV, 무선 이어폰 등 다양한 분야에서 동시다발적으로 나타나고 있다. 특히 로보락, 에코백스 등 중국 로봇청소기 브랜드는 고가의 국산 제품에 탑재된 LDS 센서, AI 사물 인식, 자동 세척 및 건조 기능 등을 모두 갖추고도 절반 수준의 가격을 무기로 국내 시장 점유율을 50% 가까이 끌어올렸다. 이는 중국의 방대한 내수 시장을 기반으로 한 '규모의 경제'와 정부의 적극적인 AI 산업 육성 정책이 시너지를 낸 결과다.

한 가전업계 관계자는 ""이제는 하드웨어 성능만으로는 중국 제품과 경쟁하기 어려운 시대가 됐다""며, ""중국 기업들은 AI 소프트웨어 업데이트를 통해 제품의 성능을 지속적으로 개선하는 등 사후 관리 측면에서도 빠르게 발전하고 있어 위협적""이라고 평가했다.

중국산 AI 가성비 제품의 공세는 국내 기업들에게 위기이자 기회로 작용하고 있다. 소비자들의 선택 기준이 까다로워지면서 국내 기업들은 프리미엄 시장에 더욱 집중하고, 자체 AI 플랫폼과 연동되는 '스마트홈 생태계' 구축을 통해 차별화를 꾀할 수밖에 없는 상황이다. 향후 AI 기술을 둘러싼 양국 기업 간의 경쟁은 더욱 치열해질 전망이다.",0
SAMPLE_42,"LG이노텍, 車두뇌 AP모듈 하반기 양산","LG이노텍이 퀄컴, NXP 등 글로벌 반도체 기업들이 설계한 애플리케이션 프로세서(AP)를 공급받아 첨단 운전자 보조 시스템(ADAS)에 탑재되는 '차량용 AP 모듈'을 올 하반기부터 본격적으로 양산한다. 이는 LG이노텍이 기존의 카메라 모듈 사업을 넘어, 자율주행의 핵심 두뇌 역할을 하는 고부가가치 전장 부품 시장으로 사업 영역을 확대하는 신호탄이다.

AP 모듈은 자율주행의 핵심 연산을 수행하는 AP 반도체와 주변 부품들을 하나의 기판 위에 통합한 부품이다. 고도의 기술력이 요구되는 패키징 공정을 통해 AP의 성능과 안정성을 극대화하는 역할을 한다. LG이노텍은 스마트폰 AP 모듈 분야에서 축적한 세계 최고 수준의 반도체 기판(서브스트레이트) 및 패키징 기술력을 차량용 분야로 확대 적용한다는 전략이다.

LG이노텍 관계자는 ""차량용 반도체는 일반 IT 기기용보다 훨씬 높은 수준의 내구성과 신뢰성을 요구한다""며 ""우리의 정밀 제조 기술과 엄격한 품질 관리 시스템을 통해 글로벌 고객사들의 까다로운 기준을 완벽하게 충족시킬 것""이라고 밝혔다.

자동차의 '전장화'가 가속화되면서 관련 부품 시장은 연평균 두 자릿수 이상의 고성장이 예상되는 블루오션이다. LG이노텍의 이번 AP 모듈 시장 진출은 미래 성장 동력을 확보하고, 광학 솔루션과 기판소재, 전장부품을 아우르는 종합 부품사로서의 입지를 강화하는 중요한 계기가 될 전망이다.",1
SAMPLE_43,"글로벌쿼드텍 EVCC, 국내 車 OEM 업체 공급","시스템 반도체 설계 전문기업(팹리스) 글로벌쿼드텍이 독자 개발한 전기차 충전 통신 컨트롤러(EVCC)의 국내 완성차(OEM) 업체 공급을 시작하며 본격적인 양산에 돌입했다. 이번 공급은 외산 부품 의존도가 높았던 차량용 통신 반도체 시장에서 국내 기술로 개발된 제품이 상용화되었다는 점에서 의미가 크다.

EVCC(Electric Vehicle Communication Controller)는 전기차와 충전기 사이의 정보 교환을 담당하는 핵심 시스템 반도체다. 충전 프로토콜(ISO 15118)에 맞춰 배터리 상태, 충전량, 결제 정보 등을 안정적으로 처리하는 역할을 수행하며, 양방향 전력 전송(V2G)과 플러그 앤 차지(PnC) 등 차세대 충전 기술 구현에 필수적이다. 글로벌쿼드텍의 제품은 국제 표준을 완벽하게 준수하면서도 높은 보안성과 처리 속도를 갖춘 것으로 평가받는다.

글로벌쿼드텍 대표는 ""이번 OEM 공급은 우리 기술의 신뢰성과 경쟁력을 시장에서 인정받은 결과""라며 ""국내 시장을 발판으로, 향후 북미와 유럽 등 해외 완성차 및 충전기 제조사로 공급을 확대해 글로벌 시스템 반도체 기업으로 도약할 것""이라고 밝혔다.

소프트웨어 중심 자동차(SDV)로의 전환이 가속화되면서 차량 내·외부 통신을 담당하는 반도체의 중요성은 날로 커지고 있다. 이번 국산 EVCC의 상용화는 국내 차량용 반도체 생태계의 경쟁력을 한 단계 끌어올리는 중요한 계기가 될 전망이다.",1
SAMPLE_44,기아 EV3 '2025 대한민국 올해의 차'에 등극,"기아의 소형 전기 스포츠유틸리티차량(SUV) 'EV3'가 한국자동차기자협회가 주관하는 '2025 대한민국 올해의 차(Car of the Year)' 대상을 수상했다. EV3는 합리적인 가격과 혁신적인 디자인, 동급 최고 수준의 주행거리 및 편의사양을 두루 갖췄다는 점에서 심사위원단으로부터 압도적인 지지를 받으며 최고의 자리에 올랐다.

EV3는 치열한 경쟁을 뚫고 '올해의 SUV'와 '올해의 EV' 부문을 동시에 석권한 데 이어, 최종 심사에서 대상까지 거머쥐며 3관왕의 영예를 안았다. 심사위원단은 EV3가 전기차의 대중화를 이끌 '볼륨 모델'로서의 잠재력을 가장 높이 평가했다. 특히 3천만 원대부터 시작하는 보조금 적용 실구매 가격과 한 번 충전으로 501km를 주행할 수 있는 산업부 인증 주행거리는 전기차 구매의 가장 큰 장벽이었던 가격과 주행거리 불안을 동시에 해결했다는 평이다.

기아 관계자는 ""EV3가 올해의 차 대상을 수상하게 되어 매우 영광스럽다""며 ""이번 수상을 계기로 더 많은 고객들이 EV3를 통해 전기차의 새로운 기준을 경험할 수 있도록 최선을 다할 것""이라고 소감을 밝혔다.

업계에서는 EV3의 이번 수상이 국내 소형 전기차 시장의 판도를 바꾸는 중요한 계기가 될 것으로 보고 있다. '가성비'와 '가심비'를 모두 잡은 EV3가 전기차 시장의 성장을 다시 한번 견인하며, 기아의 글로벌 전동화 리더십을 공고히 하는 데 핵심적인 역할을 할 전망이다.",1
SAMPLE_45,韓 긍정적 인식 작용…낮은 관세율 기대감,"미국 조야에서 한국에 대한 긍정적인 인식이 확산되면서, 향후 전개될 통상 협상에서 상대적으로 낮은 수준의 관세율을 적용받을 수 있을 것이라는 기대감이 커지고 있다. 이는 한국 기업들의 대규모 대미 투자와 한미 동맹의 전략적 가치가 긍정적으로 작용한 결과로 풀이된다.

최근 미국 내 주요 싱크탱크와 상공회의소에서 발표된 보고서들은 한국을 '신뢰할 수 있는 파트너'이자 '안정적인 공급망의 핵심'으로 평가하고 있다. 특히 반도체, 배터리, 전기차 등 첨단 산업 분야에서 한국 기업들이 미국 내에 대규모 생산 시설을 건설하며 일자리 창출과 제조업 부흥에 기여하고 있다는 점을 높이 사고 있다.

한 통상 전문가는 ""과거 무역수지 적자만을 문제 삼던 시각에서 벗어나, 이제는 한국이 미국의 경제 안보에 기여하는 바를 종합적으로 평가하는 기류가 형성되고 있다""며 ""이러한 긍정적인 인식은 향후 발생할 수 있는 관세 협상에서 우리에게 유리한 협상 카드로 작용할 수 있다""고 분석했다.

물론, 대선 결과와 그에 따른 정치 지형의 변화라는 최대 변수가 남아있지만, 이처럼 우호적인 여론이 형성된 것은 고무적인 신호다. 정부와 기업은 이러한 기류를 잘 활용하여, 다가올 통상 리스크 파고를 최소화하고 국익을 극대화하는 정교한 외교 전략을 펼쳐야 할 것으로 보인다.",0